Source_id,Sentence_en
1,Eclipse.
2,"And now I say unto you, That ye shall say unto you, that ye may believe, that ye may be in the word of faith."
3,"Then, I will click on the 'Ce', I will click on the item."
4,"As an assignment, we can set the index from 1 to 1, 1stal 1, 11 and 11"
5,"And when the second line, I saw the sea in the sea, and I saw the sea."
6,We are using the objects in the objects.
7,Child exhibits trust in you all.
8,"Some important important to the nature, you can be able to get familiar with nature."
9,"And ye have heard that ye might be with him, and cast out of them, and cast out, that ye might receive all things which were with him;"
10,"In the water of the water, there is one of water, water and water in the water."
11,Those are book.
12,The grandfather went to Krishna.
13,Again go to the tab. Go to 0 to 0 and click on 0 to 0 to 0.
14,Let us change the Align and set the Arrow key.
15,Double-click on it at the end of the picture.
16,"We have created the Borrowed Books, here we have created earlier."
17,The scripture of Hatha yoga yoga yoga yoga has the two tips of Yoga.
18,Those are devotees.
19,"Apache, MySQL and PHP obtained through XAMPP 5.6."
20,"Here, we can see our heading page."
21,The commanders of the command.
22,1.
23,We can also add a list of users.
24,Go to the head with herbs and restrain it is better.
25,"Creating a similar way to create a small treatment, teeth actions, like moodle etc."
26,You can also also learn how to get some other expressions and paste.
27,Practice
28,Boy displays affection in you.
29,"Fires have goodness in their diet, and all the earth, and their earth, and all the earth."
30,"In this tutorial, I will learn about: Mal Journalnal of Mumbai."
31,Porthern Germany.
32,• • Stretch both legs and legs together.
33,I select the Bank tool and select the Gradient. I select my tool and I select my tool.
34,"Next, we will learn to success successUUT."
35,plants and plants
36,"And now ye are not with all men of God, and with all men, and wounds, and with God, and strangers,"
37,Banks are used in the month of raga and the months.
38,"And the Son of the Lord was no man, and all the Lord, and all that is no man, and all the Lord is the Lord."
39,"Thus, it is used to increase the tips of the hips of the plant."
40,Banking
41,Dronronacharya -
42,"And there was an horns of Suryumina, there was a lotus in the four four four four four four four four four horns and four four four four horns of Sageage."
43,This brings us to the end of this tutorial.
44,These methods are methods in methods.
45,Pavas's have been declared.
46,"In the file, we will learn about: ""Sampleampleample.txt"""
47,"For more details, please write to contact@spoken-tutorial.org"
48,"Now, let us learn how to create a Moodle site administrator role."
49,"When I click on FrontAccounting button, I will select the FrontAccounting folder."
50,"And all the people of Israel, and all the people of Israel."
51,Welcome to Meet The GIMP.
52,Here is a variable of a variable.
53,We can see the jogram.
54,"As we can see, the Course Course Course categories and courses."
55,"Now, let us see how to create a IDE using Netbeans IDE."
56,Haaa of Shloka.
57,We all may speak
58,"And, I will leave the Name field for the Name. I will click on the user. Press Enter."
59,Move your hands to sit on the floor.
60,"And when he was come to them, he went into their own eyes."
61,"In the field, you should have to enter the JPPAMASTACETASTASTESE."
62,Press Enter.
63,Let us select the loop.
64,"Next, let us look at the end of the seven."
65,"In this lesson, we have learnt about the clean and its foods."
66,Sarah: One who is the most of the worlds.
67,"If you do not have good bandwidth, watch it."
68,Create a small stitch to add a needle and add a stitch to a sew sewing a while loop.
69,Bend the left leg and right leg at the right leg at the right side of the right leg.
70,change the value of the CDisk.
71,Some of water water is used to water.
72,This is the enemies.
73,Right-click on the Properties window.
74,Here is an error.
75,We will use here.
76,"And they said unto him, The day, and said unto him, The Son of him, and said, Thou shalt see him."
77,"So, let us go back to the displayMessage."
78,Now we can add this tutorial.
79,Women is done.
80,Two Yoga?
81,There is no plugined with a lotus.
82,"While exhaling, raise the buttocks, push the back, raise the hands and palms on the floor."
83,"Next, let us click on Documents."
84,Child has affection in the ps.
85,"However, the Lord is not the Lord: for the Lord is not."
86,Spreading the loop of sewing and sewing the stitch
87,4. Some of leaves leaves are green green leaves.
88,"Now, I will click on the Pale."
89,We have created a class.
90,Hanana is Rama.
91,"Let us summarize. In this tutorial, we learnt about:"
92,"He that was a certain certain vishisha, and the world, and the Durus, that was the world in the world:"
93,It also learnt about different types of various types of different types of various various various parts and its durches.
94,Now let us learn how to Synaptic Package Manager using Synaptic Package Manager.
95,These brushes can be used to be used.
96,Click on View Order Entry link.
97,Who is the king?
98,She is seeing.
99,"It says: ""count"" [1] is equal to ‘www."
100,"Those two files are used for their food for they are used for their food,"
101,"And when they had heard of the world, they might have been sanctified by the Lord, that they might believe not in the Lord."
102,We can see that the elements of food is used to eat.
103,"And he said unto them unto them, These things are in them."
104,"And he said unto them that he saith unto me, and said unto me, that he was the church: and he saith unto me."
105,Go to the floor.
106,"Sitting Asanas - Padmasana, Pujangasana, Pandasana and raga."
107,These are Asanas.
108,Krishna is all.
109,The fruit is the fruit of the fruit.
110,Who are the warriors?
111,Click on the right at the bottom right.
112,I may speak
113,And when he was come to the stone from the sepulchre.
114,There are there in the other side.
115,"Now, we add add a Purchase Service for Service Taxes."
116,We have learnt how to read the bookmarks.
117,"Now, let us execute slash dot slash . Press Enter."
118,"In the input Name,"
119,"Next, we will enter the book_address_g."
120,"But the seven angels of the seven angels, and the seven angels, and in the seven angels, and the Lamb is in the Lamb."
121,"But we want to add the error at 2 dot right angle bracket, right right angle bracket."
122,Now we can see the names of the users.
123,Child has been contributed by the grace of all the grace of all.
124,We can see that the name is the name of the command is true.
125,It is a class to print the variable of the class name of the class.
126,You are teachers.
127,What was a son?
128,"Now, let's run the program and run the day."
129,"In the sub-field ‘a’ field, type:6660606"
130,Now we will see the output.
131,This helps in the body parts of the body in the body body.
132,"In this tutorial, we have learnt how to create an array in a scale?"
133,Create a small colour of the circle and draw a circle.
134,"Extensions, Creating"
135,"Let me add this, let me add it to add it."
136,D.g. D. D.D. D.T.txt is the name of this.
137,"Here, we can see that the permission has been removed."
138,Lankank.
139,"This tutorial has been contributed by default, LaTeX and MikTeX, Laodies, LaTeX and LaTeX."
140,We can see that we have already created a program in a program.
141,We both must speak.
142,Internet Explain
143,and I think this program.
144,• Keep the legs together with the knees.
145,It is a part of your eyes with your structure.
146,Krishna is the chariots.
147,"In this tutorial, I have learnt about the Spoken Tutorial project."
148,Spoken Tutorial project is a part of the Talk to a Teacher project.
149,Welcome to the Koha Spoken Tutorial Library.
150,"And the angel of the heaven, and went up the heaven: and the heaven was opened him."
151,Go to your browser and open your browser.
152,"In your eyes, type the following link."
153,and other other ways are used in the paste of the keyboard.
154,More information on this mission is available at this link.
155,"However, Internet Explorer should be avoided, but some display inconsistencies."
156,"At the prompt, type: cd space dot cpper and press Enter."
157,We will see what happens in the name is in the name.
158,The process of the earth can be also also also the earth and the attributes of the earth.
159,Let me clear the fingers.
160,"He said, Lord, Lord, my Father's wife is in his own mind, and my Father's wife, I am in the Lord."
161,"There are some commonly used for some are available in different types, coredi, cod, eight, core, cod etc."
162,"And when he shall be taken into the dead, and shall be dead, and shall be dead; but shall be dead."
163,I think I think.
164,ERIVATION and END statements are declared in the values of the variable variable.
165,We have seen that we have found in the body.
166,a message that says - 'I' is also used as a GUB' is a Getition.
167,"In the knee, raise the knees and raise the knees."
168,Let us see the contents of the file.txt file.
169,"And it came to pass, saying, This is this day, This time he saith unto the second time, This is this day."
170,explain the meaning of explain explain how to help of the help of explain.
171,"So, I can do this back to blue."
172,"In HIVVATION, HIt want to 456 from 31 (1) I want to 3666605 c1 in 31 (1) and 'n'"
173,"And Jesus answering said unto them, Take he saith unto them."
174,"He that doeth out of the worketheth out, but he saw no man, but it is not put out."
175,Now we will see how to the law the law of the system.
176,Now click on OK dialog box.
177,It summarizes the Spoken Tutorial project.
178,"So, I will select the value of Step Step Step. So, I will select the value of 10."
179,Shlokas.
180,Today you are there.
181,Welcome to the Spoken Tutorial on this tutorial.
182,"Next, we will see the Course Course Course Course format to the Course Course Course Course format."
183,That is a song.
184,"To do so, we want to add audio. This is how we want to the downloaded by typing the work."
185,"Now, inside the printf statement, we print the cpp is equal to print the C++."
186,3. How is the food of animals which is used in different breeds.
187,Pers get familiar with water.
188,"So, I select the error."
189,"There is a poison of the marrikononon, water, but it was taken into the lungs."
190,"So, you should get the practice of breath breath and 3 300 to 3 3 35"
191,"Spoken Tutorial project is supported by NMEICT, MHRD, Government of India."
192,The Spoken Tutorial Project Team conducts workshops using spoken tutorials.
193,"And he said unto them, Take heed unto the spirit, and said unto them, The kingdom of the Lord: but the Lord is in the kingdom of the dead."
194,Yudhishth: One who is attained to protection.
195,In the right leg at the right leg at the right leg at the right hand.
196,Teacher will learn to the teacher.
197,These are two types of two types types of two types.
198,"And when he had heard them, he had given them, they had given them, and cast them,"
199,"So, I can change the new name and change the new name of the new name and I can see the value of the new name and I can see that I can see it has changed."
200,Sarah: One who is the Spirit of all beings in the Spirit.
201,Functions of India.
202,"Now, let us add a program."
203,Opoint.
204,It is also used to be considered.
205,"But ye shall be able to them, that ye should not be able to him, and shall be able to him."
206,This is because we have no value for the value of the value.
207,Now press Ctrl + Ctrl + Ctrl and press Ctrl + D to see the keyboard.
208,Click on the Selector tool.
209,I will enter this.
210,"Lie down the breath, you should be able to keep your breath and observe the body."
211,Now we will print the instance of the name of the method.
212,Click on View and select the View menu.
213,"To follow this tutorial, we will learn how to use the use of the tool."
214,"Tratryryry,000 and 2.0000"
215,"Make sure that,"
216,"In the Process field, we can be used to create an error."
217,"And he said unto him, What is the disciples of this image, We shall see?"
218,Boy has friendship on it.
219,We can see that the View is the Volume.
220,"And he said unto them, If I say unto him, I say unto thee, I am in my Father, I am not in my Father, I am in my Father."
221,"Ubuntu Linux, you can see the Ubuntu Linux 16.04."
222,Child has trust in these all.
223,I select the Grade the Grade.
224,"And he said unto thee unto thee, I am unto thee, and unto thee, I am my son of my Jews, I am my Jews: but I am my Jews."
225,Sriah: One who is the god in the god.
226,It is one rounded by physical physical physical exercises.
227,What are the following- What are available at the following link.
228,"And he that shall be in the Son of the Son, when he shall all the Son of the Son of him."
229,"In the prompt, type the prompt, press Enter."
230,"Duryodhana has been been contributed by the king of cows and testimony, and animals, do not do not."
231,This completes one round of India.
232,You all understand?
233,"The next page has been setting the same page, when the students had seted the students."
234,They are two.
235,Here is the first General Lankankanking.
236,"And when he was come unto you with the tail of the teeth you, that ye might be with you with you."
237,But there are no male.
238,"And the Lord said unto them, Blessed are in the Lord, and in the Lord Jesus Christ, and with my Lord, and with my Lord, and with me."
239,"It improves the mind, chest and mind"
240,"Fununctions of nervous system, rich is called called Divenee."
241,"It is not possible to increase the mind, but it should be visible to the body and it should not get the body."
242,"As an assignment, add a number of 200 and 200"
243,What are the son of the son of God?
244,We see that we have created a file in the file.txt file.
245,The parts of all the body is done through the body.
246,"For the Lord Jesus Christ, and the Lord Jesus Christ,"
247,"In this lesson, we have learnt how many conformed in India, she has a C++."
248,Click on the last icon at the bottom of the page.
249,Note that the two two are displayed in the two fields.
250,"When the food is called the food, the mountain, the mind, the earth is called degree."
251,"And it came to pass, that they might be called unto him, and craft, and cast out, that they might be called the sea;"
252,These are the figure.
253,"However, it is not access to access the web browser."
254,"And when he was come unto them, he that he was given unto them, that was given unto them that was not in the law, that he was done by the world."
255,I don’t think I will get a bit.
256,Great-box is displayed.
257,"And when they had heard them, they were in the office, and prayed him, and prayed him."
258,"Next, click on Koha link."
259,You may be able to the rest of the body.
260,"Be ye have I say unto you, I am not, that ye might believe not."
261,A new page opens.
262,"And Linux, you can see a single quotes Fridual text has been added to the text editor."
263,"For example, we want to add a string in the element, we have created a sequence."
264,Those two are sanskrit.
265,Save the image.
266,Type 40.
267,Can gives us to change the water or more than the water.
268,It also helps in calming the mind and calm.
269,"To practice this practice, you should be included in Tadasana"
270,"Now they have been contributed by the chief priests of the people of the people of God, and the earthquently of the earth."
271,"And he said unto them, What was he said unto them, What shall say unto you?"
272,Keep it as 2nd to 2 numbers.
273,Let us open the terminal.
274,"Now, let us type the type of the type: 'n' symbol symbol."
275,"The food is used in daily food, they are different different different, different different culture, etc."
276,Observe that the color of the curves.
277,Click on the uploaded file button.
278,"And they brought unto Jerusalem, and went into the city, and went into the city, and went into the city of the city, and the city of the city, and the city of the city of the city, and the city, and the city, and the city, and the city."
279,I can see some image.
280,"This tutorial has the end of this tutorial,"
281,But I can change the color of the color here and I want to change the colours here.
282,"But, we can see a different parameters to get the output."
283,Let us start to the main method.
284,Firefox allows us to Mozilla Firefox and Mozilla Firefox.
285,Let us summarize.
286,"1. water, water, water, water, water, water, water and water is the water."
287,"And when he had heard them, he went into his hands, saying, What shall come unto them, What shall be with him?"
288,Maintain for breathing
289,"And he said unto them, And when he was come unto him, he came unto him, and said unto Jerusalem,"
290,"Now, let us save the code and run the same code."
291,"In the main menu, click on Netbeans IDE and Netbeans IDE."
292,"And the name of the law, and wilters, and to be with the dead: and ye shall be with the dead."
293,And I will show you the code as you.
294,Let us clear the chariots.
295,"And there came to pass, and said unto him, The word of those things which is my Father, and said."
296,"Next, we get an error."
297,The output shows the name of the test2 in the sequence in the sequence.
298,Customers and Modies how to use multiple files and A window.
299,"The word which is a shedhed by the time, we may be made by our body."
300,Let us go back to the box.
301,"And when he had taken him, he was come to him to him, and cast him to him."
302,Lie down on the palms resting on the hands.
303,"Now, we can see that the objects with the objects or Stroke painted or Stroke paint tab."
304,"He said, Hathana, Goal of the Lord, and rate of Rama, and richa, and gave him to the power of Rama."
305,Scroll down and click on Save and button.
306,"Double-click on the Palettend Order drop-down, select Action."
307,"And Jesus said unto them, Take he with the world:"
308,They are singing.
309,"And the world of the world, and the prophets shall be the prophets, and the prophets, and the prophets, and the prophets shall be in the prophets, and the dead:"
310,"And the angel of the earth, saying, Who is the word of the Lord, and the word of the word of the Lord, and the word of God, and the word of God, and the word of God."
311,and close the close curly bracket.
312,"""""You is one of the sun, it is the sun, it is a day?"
313,"Next, we have to add the Available Copies"
314,"Now, go to 3RICETTIONIONIONIONION SURICETIONION STIONION STIONIONION."
315,There are there in the fruits of the raga.
316,They must be used to reach the air and soil to make soil.
317,Make sure the fingers straight.
318,"And he said unto them, It is the prophets of their mouth, and the kingdom of their mouth."
319,Keep the palms together.
320,Snake lives in the people.
321,"My name is myself in my life, my life,"
322,Those are thieves.
323,"In fact, the process of the breathing, keeps the process and its its breathing."
324,"With this, we want to see our other villages, there is to make our eyes."
325,Let us summarize.
326,I will learn Sanskrit Sanskrit Sanskrit Sanskrit.
327,Double-click on the menu.
328,"While inhaling, e."
329,"For example, I will learn about the Align and Distribute options."
330,This is because you have the output with C++.
331,"The condition condition is executed the condition, then the condition condition will be executed."
332,"Now, let us see two objects."
333,So there is a food to add a food.
334,"Now, let us add a variable name to name."
335,"Now, I switch to the brush of the brush, I will switch back to the brush and press Ctrl + the GIMP."
336,"This command is because the command 3 3 lines are printed by the following lines, if it is printed and then print the following lines."
337,Brows all the mothers.
338,"Now, let us print the main method and type: introduction to the main method."
339,Click on the change of the colour in the colour.
340,"But when thou shall see the Son of the hand, and shall be able to the left hand."
341,"There is a great place of the Lord, and with him."
342,"Now, we will learn how to run the final class."
343,Viramamamam: One who gives protects to protect protect the protects.
344,"For example, we have confidence in this, we have confidence it."
345,(k) (Ak)
346,Boy played you.
347,"And he said unto him, The Son of Galilee, and saith unto him."
348,"And he said unto them unto them, These things shall be unto you, and unto them, and shall be unto you, and unto them that ye shall be unto them."
349,I will type the Arrow History.
350,Ravapapapal Ravapapal Varo: Durushah: Durusha and Val Ravapurushaja Ravya.
351,I will leave the Showledge the Showers.
352,We are using the error.
353,"This is because it has been seted the quiz, the quiz."
354,"Now, let us use the use operator."
355,You are a different types.
356,"Lastly, click on the rectangle and click on the rectangle."
357,Click on the drop-down button at the bottom of the drop-down.
358,"When it was done, you can see that the block diagrams in the block diet."
359,"He said, He that he was the world, He was there there there there was a great great foured."
360,The chariots the warriage.
361,The output is used in the system.
362,Dayah: One who is the earth.
363,Click on the drop-down button at the bottom of the drop-down box.
364,Select no option.
365,"The second seconds is the seconds of the seconds, water and plant can be used to the seconds."
366,If the body shall be able to the body?
367,"Inside the return statement, type 0 semicolon."
368,"In the form of the raga,"
369,"Greathee, we want to improves in different breeds."
370,Spoken Tutorial Project is a Teacher project.
371,Now type: Terminal in the terminal.
372,"Select optimize geometry tool, select the Tool controls bar."
373,These two options are used for the formatting options.
374,"And he said unto them unto them, A certain man have written unto them which was come unto them, and said unto the brethren, I have written unto Jerusalem, and the Lord, that thou hast made unto me of Jerusalem, and unto Jerusalem, that thou hast made unto the Lord, that thou hast made the sea;"
375,"In the Saviourness, we can see that it has been placed in the other other side of the image."
376,"I select the Scale tool and select the Sample. So, I select the Sample."
377,Boy displays compassion in them.
378,Krishna gives Krishna to Krishna.
379,As an assignment:
380,The son of God is the son of Rama.
381,And there was an house of the Catus;
382,"In Categories, select Java."
383,"In the Earth, the second line, the Earth is the Earth."
384,"And when he was come unto them, behold, ye shall be able, and cast into life, and shall be able, and shall be able to hear, and shall rise, and shall be taken into life."
385,"As we can see, the condition is true."
386,Let us see what is 0.
387,"For assignment,"
388,Select Drive and select Date Date Drive.
389,Samhhh: One who is the form of the system.
390,Now I am using this image.
391,Create the Create Tues.
392,Boy displays affection in you.
393,You are the warriors?
394,But that we can see a static methods and static methods.
395,It is important to learn how many important role of cows.
396,"Here, 'A' is the 'A' that is the 'A' and the 'A'."
397,We see the image has been copied and the image.
398,Now we will learn how to create a static methods and static methods.
399,"For he said unto them, Blessed are the talents, when he had spoken these things, he was not."
400,Here you can see the GIMP and the GIMP.
401,The name has been set of Kalidida.
402,He is only only only.
403,In the 'Firefox will select the 'Bee'.
404,This is our header file.
405,Scrara
406,You all saw the cows.
407,And it is not equal to 40 40 40 40 40.
408,Bhrama - Bio is a richation of Shlokas.
409,"And the law of sin is in sin, that he is called unto sin, that he is called the law of sin, which is called the law, and the law of sinners, which is dead."
410,"But when I select the GIMP, you can do using the GIMP. So, I will show you want to do this."
411,"Let's change the ""dititititititam""""."
412,This is a path.
413,You two are blinks.
414,"And when he was entered into the head, heavens, he was in the head,"
415,"And when he had taken the people, the other side of the sea, there is no more than the people."
416,"And, click on Save S SVC. So, type SV."
417,"For I say unto you, We shall be a man, but of the earth, but of the earth, that ye may be done by victed; but now I am it."
418,Click on the Calculus course button at the bottom of the course button.
419,"But when they had taken to them, they should be cast into the flesh, and to be cast into the flesh, and to the flesh, and to the flesh."
420,"So, inside the main method, locate the main method."
421,Then click on Add button.
422,The temple are there in the temple.
423,"In this tutorial, we will learn to learn how to learn the Library Library Management System."
424,Let us see what happens in the Tool controls bar.
425,"And he said unto them, The Son of God, and said unto them, I say unto thee, I say unto thee, I am in the kingdom of God, that thou hast thou hast made unto you, that thou hast thou hast thou hast in the earth."
426,1. What is the name?
427,The Yoga of all the god is the God of God.
428,And there was no more than these things which was no sin: but I am not in their sins.
429,INTEXT QUESTIONS
430,"From the drop-down, I will select the drop-down."
431,A cow is a milk for milk for a milk.
432,You also also know that Christ our Lord Jesus Christ.
433,"And when he had spoken unto them, he was come unto them, saying, And when he was come unto them, saying, And when he was come unto them, and cast out, and cast into the sea, and cast into the sea, and cast out of them, and cast into his own hands, and cast him, and cast him, and brought them that they might be with him, and cast into the sea, and cast him, and cast them that"
434,Your assignment
435,Now we will use the command.
436,The Spoken Tutorial Project Team conducts workshops using spoken tutorials.
437,Let us run the Filt.
438,Lie down on your abdomen the buttocks.
439,You can also use individual industries or industries.
440,This is because the most common errors which has been copied.
441,The teacher is the teacher.
442,"The word of God which was not in Israel, that they might be called unto Israel."
443,"Now, we will type: System dot n = 1."
444,What is the law of God? What is the world?
445,• Stretch the heading the needle and keep the thread up up up up up the forehead.
446,"He saith unto him, The left him, and left him, and left him, and left him."
447,Child has said unto you?
448,"And he said unto you, See ye know that is in the Lord Jesus Christ."
449,Change the ground.
450,"For example, that we may be used to know that they may be used to make a year."
451,"Open the terminal by pressing Ctrl, A keys simultaneously on T keys simultaneously."
452,We both must speak.
453,The code are similar to our code.cest program.
454,The next field is the field or I will leave the date or a selection.
455,And there came to them and and and their health.
456,Bhima will be cast into the lamen.
457,200 and Egypt 200 and 200
458,"And he said unto them, He that was not in the earth, but he was not with him."
459,"Now, let us try the database database for your user account."
460,This is a teacher.
461,"In different postures, in different parts of the different types of the different parts."
462,"Supine Asanas - Supine Postureasana, Proneasana, Proneasana, Proneasana, Sásana"
463,"If the HTML code, please write to the HTML file. Please download and then please write to our machine."
464,"Next line, type the Next line and then semicolon."
465,They are two.
466,Fire gives you all the compounds in their own food.
467,Note that our file name is our file name.c.txt file.
468,"For I shall be in my hands, and wounded me, and shall be with my hands: and ye shall be lie with my hands."
469,Let us summarize.
470,"Now, I will enter the Pax Tax field,000,000,000-66"
471,Note that the web server is for Java.
472,"We can see that the output is used inside a constructor, I am using a constructor."
473,I will change the color of the color of the color of the color color of the ship.
474,I don’t want to increase the mind of the mind.
475,"For I say unto you, that they should come to you, that they should come at the end of you."
476,"Now, click on double-click on double-click on it."
477,"And thy Son of thy son, and fell on my son, and fell upon thee, and fell upon thee, and fell on my son of thy Son, and my son."
478,Have you?
479,"To do the terminal, type the command and press Enter."
480,"And he said unto him, If any man shall be with him, that ye shall be with him, that shall be with him."
481,I will leave the morning in the king.
482,"Judhishth: One who is the king of Jatra, Natra, Pra, Purusha, Pra, Pra, Purusi, Divivivas, Purushah: One who is a greatesti."
483,Kananano: One who have plufied in the plug-ins.
484,It summarizes the Spoken Tutorial project.
485,We have already created a code to print the string name of the string.
486,"For the law of the world, that is in the law of God, and in all things which is in the temple, that is in the temple of God, and in the world, and the temple:"
487,The output is not the following link.
488,some file using the file.
489,"And the Jews said unto them, They said unto them, They said unto them, They did eat, and went out, and they cried with him, and went out of the sea."
490,"And when he saw him, he saw him, he said unto him, Lazareth him: but he saith not."
491,Vayayah: One who is the worlds of all beings (Add).
492,To learn:
493,"The calf in mind, you should be able to improve the mind."
494,It has also used in the form of the world.
495,"There is a small part of India, there is a small part of India, you can can be a small part part of the plants and the plants, so so so so so so social."
496,"For if condition condition is true, conditional conditional condition is true."
497,Modify the sales in dangeria.
498,Keep the left side of oxygen.
499,What was the people of Rama?
500,Boy displays regard on you.
501,This is because the process of the earth.
502,We get a method.
503,And when they were cast out of the multitude of the sea; and they were astonished at the multitude of the multitude of the sea.
504,You two are.
505,Notice that the output is done by the sequence.
506,Observe the left of the left hand.
507,"Let us summarize. In this tutorial, we learnt about:"
508,"To know more about a command, they have been used to use a few words, which are used to be used to make a few words."
509,To set the user accounts
510,Observe that the color of the color is done by clicking on it.
511,These variables are variables and variables in variables.
512,"Then Peter answered him, and said unto him, We see him."
513,"The one of the worlds are called the three days, He who is the Lord of the Lord of the three days, the Lord of the Lord, and the Lord of the three days."
514,"And he said unto the Lord, and said unto him, Thou shalt thou do thy hand, and to give thy hand?"
515,Sito: One who has all kinds in all the everything.
516,We can see that the option is based on the menu is selected by clicking on the list of the option.
517,"And he said unto them, The hour saith unto them, The Lord, and saith unto them."
518,Banking the air and air.
519,"If any thing, click on the list of the fields, then all the icon."
520,"And in the air, in the air and from the water, and from the water,"
521,"In such class, we will learn how to create a class."
522,Let us summarize.
523,Feel the vibrations of the body and the body.
524,"Also, let us add a new menu and how to edit the selected."
525,Priri Krishna's rest on the god.
526,I will leave 1 1 1.
527,Shri Krishna placed the chariot in the chariots the chariot.
528,It is important to note that I amps.
529,You all the story.
530,Those two are horses.
531,Go to the Tool controls bar.
532,I select the right corner and select the right corner.
533,"Next, we print the method of the method, that prints the method of the method."
534,Make sure that can be used to create and transformed.
535,Click on the Fill button at the bottom of the Fill button at the bottom of the question.
536,For we know that the law of our life is not rejected by the truth.
537,"But the pesteth out, and pesteth not, but the earth, and casteth out, and the earth, and the heaven is not; but the earth, but the earth."
538,We have to change the option.
539,Boy displays affection in that.
540,"To record this first, that ye should be able to them, that ye should be done unto them,"
541,"And the city of the city was not in the blood of the earth, and the earth, and the blood of the earth, and the blood of God."
542,"With this, you can increase your legs from the floor, raise the floor."
543,"Now, if you want to copy any other images, you will use any other other other images."
544,"And when he had taken into the four hither, he went into the sea."
545,Boy displays respect in these.
546,This is a man to be able to the day.
547,Now let us create a static variables.
548,Bio is the Priya in Modaymi means 'PID'
549,Make sure the eye of your eye and calmies
550,We have created a constructor with parameters.
551,Functions of heart and help in heart
552,"So, type: Data to print the name of the class and type: name is equal to print the name and type:"
553,• Sit in the ground.
554,• Repeat the narna.
555,Let us now create the object of the object.
556,6. How is a new plants?
557,What is Krishna?
558,Let us go to the Gmail dot java.
559,This is the sunlighted in the sun.
560,Let us close the FrontAccounting interface.
561,Note that we don't want to print the value of x and x will be initialized the value of x.
562,He that believeth on you.
563,"So, let me open it."
564,You all receive cloth.
565,I zoom into the image and I am using the darker slider.
566,The conformer will be used to use the conformed.
567,Ak ‘A’then’.
568,He is not.
569,"For we shall be with all men, and with us all thy sins, and with us."
570,Let us start with the string.
571,You can see that the option is checked by clicking on the sub-box which is checked by default.
572,The Spoken Tutorial Project Team conducts workshops using spoken tutorials.
573,It also helps to improve all the mind.
574,Here is a program.
575,"At the villages, it will look at the village."
576,Go to the goshala.
577,"And he took them, and fell on them that he might believe him."
578,"4. The seed is a penenenenen, a white treating."
579,"To remove, go to create a document, change, to change the end, to change the end,"
580,"And the siling of the riseth; and I went to the ris, and the riseth to the riseth."
581,Here is a character 'n' and press Ctrl+n' and press Enter.
582,Notice here.
583,Prajan is in the seat.
584,These are brakeys
585,Reping on the side of the water.
586,"So, type the name is file."
587,"Similarly, we can add a course to the course."
588,What are you?
589,Prah: One who is the form of the world.
590,Click on Add button at the bottom of the bottom of the button.
591,Then click on the button at the bottom of the window.
592,"For this, we want to add the Revate it is not added. So, add it. So, add it."
593,and use the condition as input.
594,Let's create a class.
595,There are two options in the topics.
596,We have learnt how to use the users.
597,You can see that your plug-ins is displayed in your screen.
598,"Similarly, we will learn how to use the data types in the files using the file."
599,"Now you see that the image is the image, I think I want to 50% of the sea."
600,"In this position, you should be normal breathing."
601,Yudhishth: One who is the world.
602,You will see your interface for your interface.
603,Click on the rectangle and then move it once again.
604,But the garden of the garden will change in the garden.
605,cows milk.
606,The main method is the main method.
607,"However, we can edit the date."
608,It is a message that all the students will get the students.
609,"After studying this lesson, you will be able to:"
610,"In the Password field, let’s type: Koha."
611,It will also learnt about the software.
612,This is a book.
613,"In this tutorial, we will learn how to learn how to learn about how to cataloging the tutorial."
614,"It is used to change all the 800000000 and 64th, 64/NMEICT-10, I want to use the number of 64/Recution."
615,Boy displays affection in these.
616,• Stretch the abdomen the abdomen and keep the legs apart
617,"It looks like like like like a scoreprogen, as actions, it may be used as actions,"
618,"It is important to be collected and health of disease, and bodyana and health"
619,The teacher is now now now.
620,Samyo: One who is the form of the earth.
621,This brings us.
622,Duryodhana is Dayayayi.
623,FrontAccounting will start with FrontAccounting interface.
624,This statement will print the variable of the variable statement.
625,You are sites.
626,"Verily, I say unto you, Verily I say unto me, I say unto me, I am I say unto thee, I am I am my Father: for I say unto me."
627,"And the sweets, shed, and waxed him, and waxed him."
628,Students mathematics.
629,"The meaning of recall of the shlokasures of recoma, which is the shlokasiches of the shlokas,"
630,Moodle 3.3 and Firefox web browser. You may use your web browser.
631,"Water is the water of the water, water, water, water."
632,This file is a file in your home folder. Press Enter.
633,You may speak
634,There is the word of the world.
635,You all please speak.
636,"By making making making making making making Samyama, we can also set the attain of the music."
637,"And he said unto them, What is the truth?"
638,"Now, let us see how to execute the program in C++."
639,Click on the Maintenance panel.
640,"And when he was in the world, he shall be in the world, and shall be in the world:"
641,"To record this tutorial, I am using: Ubuntu Linux OS 16.04"
642,I will enter the BIBalance.
643,"default, change the default color of the default box. In the default, change it to Fo."
644,"And when he had spoken, he had made a poured out, he went into the earth."
645,"To follow this tutorial, you should be able to learn the knowledge of this tutorial."
646,"And when he was opened unto him, when he had given unto him, he had given unto him, when he had done unto him, he had done unto him."
647,"sage of sage,"
648,Sage Bharataka is a Indian Indian Indian Indian Indian Indian Indian Indian sabbathi.
649,It was the world in the world.
650,• The tips of the forehead and keeps the forehead on the ground.
651,Make sure the book of the bookmodies from the book.
652,Refer to the students who is not assigned to the students and not already selected.
653,"Microbi, ps, ps, paps, paps, paps, ps."
654,"The sunlighted with the sun, and calmed by the sun."
655,The File File File opens.
656,Lie down to the questions on the question and answer.
657,Click on Show Lecture Mark.
658,As an assignment is one rounded by one is called Ayama.
659,The garden is used in the garden.
660,You may use the terminal and
661,FrontAccounting interface opens.
662,But these users are not used to checking users and student student student role.
663,"In this tutorial, we will learn about: In this tutorial."
664,"There has many many many parts of plants, linous system, linous system is called nature."
665,"When does not recomen, when when he saw you all the messessages, he saw you?"
666,"First, it is a list of the first."
667,Click on Edit menu and then on Edit Profile and click on Edit.
668,"After studying this, you will learn how to get the end of the page."
669,"Verily, verily I say unto you, It is the lawy of the law that is the law of the law, and the earth is the earth."
670,"Now, let us run the program to run the program. Save it and run it."
671,"And when he was come to the villages, he was given unto him, saying unto him."
672,"Now, let’s change it."
673,"And Jesus answered them, and said unto them, Why do ye, Why do ye not?"
674,"(Atest) Hastastyama-then the Lord of the Lord, and the nature of the worldapapurveda, the Lord, the Lord of the Lord of the Lord of the worlds, and the earthquest of the earthquidya-nightness of the Lord, and the Lord is the Lord is the Lord, and the Lord, and the Lord of all the world, and the earthquest of the"
675,"• Stretch the breathing, move the help of breath and move the help of the body."
676,water.
677,"In this tutorial, we will learn about: ellipse and I will learn about some of this series."
678,"And they took him, and took Jesus, and took him, and took Jesus."
679,"For every one of the law, which is the law of Christ, and as many things which is Christ, and the body:"
680,"This is the minded by the body, the body is possible."
681,Here is an assignment for you add a new course in a new course under Mathematics.
682,"Exhale, raise the floor and raise the floor."
683,Keep the neck straight and neck straight
684,Fruits of the transformer.
685,Come back to our terminal.
686,Let us close the mouse inside the mouse.
687,And all teeth a good good teeth good.
688,Type slash dot slash docpp slash
689,"And when he was come unto him, and said unto him, Thou art the son of the son of God, and said unto thee, Thou shalt thou art me?"
690,Go to File and click on Save As. I will click on Save Hostost and 't.
691,How to learn how to learn how to learn how to learn how to know the clean clean.
692,ii. iv. iv. _____ .........
693,"In the earth, the earth will come into the earth."
694,From From the legs from the earth.
695,Boy exhibits trust in you.
696,"After this way, we have to add a ble."
697,The grandfather came to Krishna and Krishna.
698,Fold the right leg at the floor and bring the floor.
699,"And when he saw him, he saw him, he cried with him, saying, And he went out, and fell on his hands, and brought him."
700,"And Jesus saith unto them, And he went into his disciples, and said unto him, The disciples, The disciples of his disciples, and took him."
701,"This is used for you get an error message, you can get an error."
702,"Here, we get the book from the book, we can execute the book from the book."
703,"And the kingdom of Sukshma Vyayama is in the three days, and the prison;"
704,"If we want to see some files, we can see how to see a directory?"
705,She does not go back to the dance.
706,She concepts of flowers.
707,Tádásana Sthiti: Tádásana
708,And there is no man as the body.
709,Child has respect in me.
710,"Click on Create a new dialog, click on Create button."
711,We can see that there is a blue.
712,You can see that the earth has been found in air and organisms.
713,"We see that ye may be with you, that ye may be with you, that ye may believe."
714,Fire is important important role with cow cow cow.
715,"And I say unto them, I will not go to the head to the floor."
716,Click on Save button. Click on Save button. Click on Save button.
717,"But when he had heard that heard of God hath made unto them, that God hath given unto God, that God hath given unto God."
718,The message shows that there is a message.
719,"If the prophets, we have heard the prophets, and the prophets of the prophets, and the prophets of the prophets, and the prophets, and the prophets,"
720,You two are teachers.
721,"In the Categories, Taxes, Taxes, Tux Typing Firefox and Actions, SOSSNabelvies."
722,Note that the Palet want to change the Pspsp file.txt file.
723,The Spoken Tutorial Project Team conducts workshops and gives certificates.
724,3. How is a bodies of the music.
725,"Here, the value is equal to value."
726,"In this tutorial, we will learn about folk music is very important."
727,Compile as before.
728,"So, there are some of the brush and the image are some of the same image."
729,• Maintain for breathing practices as slowly.
730,"• Maintain the practice of the breathing breathing,"
731,Boy stood on the chariots.
732,There are some of these are many diseases.
733,"Do you can change the 'c', 'c' then 'c'’."
734,"And they were astonished at the synagogue, and said unto them, And when he had done unto them, he had done before them."
735,"It is a rectangle with the rectangle, place and place the left nostril."
736,Boy displays affection in them.
737,"In the food, when he had taken from the food, they get food to get food from food."
738,Functions is also used for breathing.
739,Sriyah: One who protects the protection of Samsara.
740,"For the law of life is Christ, and the law of God, and the law of Christ."
741,Slowly raise your hands slightly raise your hands and toes.
742,I will show you these layers here.
743,"And there was an almostness,"
744,"""""You answered, I think this is available in the world."
745,Click on your requirement and then click on your requirement.
746,"Now, let us declare a string."
747,"Now, let's change the amount of the object."
748,"Now, let us look at the main method."
749,Type double quotes space double quotes space grep space within double quotes space double quotes space grepdemo.txt
750,"If not, for relevant tutorials, please visit our website."
751,Select the file and press Enter.
752,• Staise Shlokas
753,"As an assignment, we should be implemented to implemented an an assignment."
754,"But if I say unto you, it is a churches of the ship, it is a chosen of the ship of the ship of the flesh, and his disciples of his disciples."
755,"And the Jews of the James, and the son of Jord, and the son of the son of the son of the son of the son, and the son of the son of the son of the Son of the son,"
756,"And when it came to File, click on File File, File File File and File opens."
757,Kauravas will be a new page.
758,"And when Paul was come unto them, I am in my son, I am in my son, that I am in the Jews which was in the Jews, and I am in the Jews."
759,"And the great multitudes of the world, and wounds, and wounded him, and cast him, that he had done by the world, and we have done with him."
760,They all were people.
761,Vasasas are: One who are the following following
762,We can change the size of the rectangle and change the star star with the star.
763,The Course category is created.
764,Now type: ls space example1. Press Enter.
765,Click on some of objects and move the canvas. Click on the canvas and change the canvas.
766,• Stretch your hands and toes.
767,"Therefore if any man be in the Lord, he is the Lord, all the Lord of the Lord; and the dead shall be able, and the dead."
768,"For there is the Spirit of the Father which is the world, and from heaven is Christ."
769,This is a way way to create a small hurtle.
770,bacteria.
771,"In a sewing sewing thread,"
772,"Go to churches the mostly black and tips, pain the fruits of the fruits and feet."
773,"And he said unto him, Thou shalt thou know that thou know that thou know that thou do."
774,After this lesson you can make your own own image and you can make your your own distribution.
775,"Now, let us start with us summarize."
776,We can see that the Game Server is displayed.
777,Move the mouse to the mouse at the bottom of the mouse link.
778,"Now, let me have a look at the end of the color."
779,Customers.
780,"And the Lamb of the Lamb are in the blood of the Lamb, and in the blood of the Lamb are in the Lamb."
781,Save the code.
782,Keep your palms on your legs together.
783,"Now, click on Sage and click on the image."
784,"By default, if there is no default, select Drive."
785,11 and Raja means 'a'.
786,Now click on the next button.
787,"After studying this lesson,"
788,Boy displays compassion in her.
789,The output is displayed as: One who has been transformer.
790,"In this case, it is because it is satisfied here."
791,And there was a seven seven seven seven seven seven seven seven seven seven seven heads.
792,I got good marks.
793,"Now, let us learn how to create a link."
794,I know the book.
795,The Spoken Tutorial Project Team conducts workshops using spoken tutorials.
796,"And they cried out of the ship, saying, I went into the saints, and went into the ship of the ship."
797,More information on this mission is available at the following link.
798,"What is the law of man, and thou shalt thou shalt thou hast thou shalt not?"
799,"In the General menu, click on Fuel menu and Fuel options."
800,Please note that the late is not checked and it is not visible in the image.
801,"And they said unto them, If they shall say unto them, if they shall say unto him, he shall be able to them which shall be done."
802,Click on Save.
803,"And when he had heard them, they were astonished at the people, and went to the people."
804,It helps to create a different different conditions or financial calculations.
805,ARIV to the Palet have the PE of the PData.
806,1. _____ is helps in .............
807,"If you want to learn more about some time, you should be able to practice."
808,I have written Sanskrit Sanskrit words.
809,Sthiti: Prone Posture Sádásana
810,"Here, we have to add a file that we want to ""BBBBAB"""
811,"If you want to change the method, you want to get the method, you will get the method."
812,"Fructions of the dancials, gapas, rich etc."
813,"Now, click on the password button."
814,"Now, let us look at the URL."
815,I switch back to the BEG colour.
816,"Here, the first object of the first object."
817,He will be cleaned from the clean.
818,In ancient ancient Indian Indian cows and cows.
819,"But when he had reigned him, he could not be reigned to the life, but the man shall not be done by life."
820,"Again, click on the Description drop-down box."
821,If the error is not equal to error. We can see the output is not equal to error.
822,Now click on Save.
823,What is our fathers?
824,Notice that we can see that the use of the students.
825,More information on this mission is available at the following link.
826,"Again, there is a shed from Antra."
827,"In this tutorial, you will not enter 04 number 000 years"
828,"In the Projects window, right-click on the project, right-click on the file."
829,"Under Bank Accounts,"
830,Child has respect in you all.
831,Let us create a variable variable.
832,"To record this tutorial, I am using: Ubuntu Linux OS 16.04 and Koha version 16.05"
833,"And when he was come to the sepulchre, he gave him to the first, and dilted, and daughter: and it is no flesh, and it shall be done by him."
834,"Even so that if he shall be cast into the body, and shall be cast into the earth, and shall be in the body?"
835,Let’s click on Gently close the Gently.
836,"And he said unto them, What shall I have the knees with him, and said unto him, Whatsoever I have done with him?"
837,"If you want to have the error message, then click on it."
838,"Next, go to 2605 TTETTAMENT."
839,"But when he saw him, saying, Thou shalt not the gospel of God, and shewed him to the Lord, and shewed him, and to be the Lord:"
840,"And in all the world shall be in the world, and in the world, and in all things which is in the world."
841,"Now, I think this image here and I think this is a layer mask and I think this is dark."
842,"And when they had spoken unto them, they went into Can, and went out of Can, and went to Jerusalem,"
843,Note that a file has no file.
844,Press Ctrl + Saturation and press Enter.
845,"When you type, type: 'n' then press Enter."
846,"Now, let us see the output."
847,"To keep the left leg, keep the right leg, the right leg and keeps the left of the body, and the body to the body."
848,Scroll down and click on Save changes button.
849,Mayah: One who is very important to protection and we can see our mind mind.
850,They are found in the people.
851,But I don’t want to change the result.
852,"Now, let us delete the format specifier."
853,People speaking the god is the god.
854,Sarah: One who is the sacrifices of Yama.
855,Click on Save the file. Let us change the file.
856,Boy displays friendship on them.
857,The code in awk code is written in awk section.
858,A new page opens on the name of the page opens.
859,Let us go to the left menu. Click on the left panel.
860,"In the field, I has been removed from the field, I will type 045.txt."
861,Darah: One who is the attained of all beings.
862,Go to Build menu and click on Build menu. Go to Build menu and click on Drive.
863,The Preferences window appears in the Tababab window appears.
864,"To record this tutorial, returning for settings"
865,Please refer to the two command: watch it.
866,"What are the people, what ye should come?"
867,We will download and watch it.
868,"The head is known as the head, so that he should not be taken into the head."
869,"Let us summarize. In this tutorial, we learnt about:"
870,"If not, we want to add any error with an error."
871,A news of the Structure
872,"And they went into the water, and went out of the water, and went into the water, and went into the five water."
873,"You can see that typing typing the bottom of typing, then typing typing."
874,"In this tutorial, there are various blocks for Moodle website which has been added."
875,"We get a message, we get a success message: The output is already done by 1."
876,If the two blank boxes adjacent to 1 and the students.
877,What is the form?
878,"Food is also used in victiction, they are used."
879,"Make a dialog box opens up, click on the dialog box."
880,"And when they saw him, they saw him, Jesus, and said unto him, Why do we have sinned him."
881,Keep the password at the following link.
882,Let us summarize.
883,Let us close the left nostril and close the left of the body.
884,"In this URL, we have learnt how to create a line, dot out dot cases."
885,9. It is useful to get printed.
886,Click on the folder.
887,"But ye shall say unto you, Ye are ye of the world, and ye shall be ye of the world."
888,You can choose the plug-click on the rectangle-click on the canvas.
889,Duryodhana is noble or sattva.
890,There are no more than many sweets.
891,"For the God of God is not our Lord Jesus Christ our Lord Jesus Christ,"
892,"They answered and said unto them, What is come to the judge?"
893,"Nato: One who is the briller of the brilli, the brilli."
894,"He has been contributed by the price of the worlds, He who has the worlds of the worlds, the worlds of the world."
895,Arjuna’s see here.
896,The peace shall be peace.
897,"Now, let us close the Firefox window."
898,"And he that are in the church of the earth, and ye shall be with him."
899,"In the same way, we have learnt how to change the same way, that we had given in the same way,"
900,"And they heard them, and brought him, and took him."
901,Boys open a new news.
902,The most important to get the lines of 35 are 300.
903,"The next page has been added to the course, The course has been added to the course course course, it is not visible."
904,"They are found in Rama, there was no more than the nighberty."
905,Food is the body.
906,Creating is different culture.
907,"3. Nasasasikasasas, goshalas, goshalas."
908,"So, let's open a little."
909,"So, I select the colour and I select the colour here."
910,The Spoken Tutorial Project Team conducts workshops using spoken tutorials.
911,"In this practice you should be able to increase the practice of breath, and slightness of the Yogic practices."
912,This brings us to the end of this tutorial.
913,"These options are used in other options, there are some other options."
914,We have successfully installed on XAMPP.
915,Let us close the eyes.
916,Woe unto them that is no man; but it is no man as long as well.
917,"They answered and said unto them, These things which were in the people."
918,The sage was there in the sage.
919,"In the text, there is the text at the text of the text."
920,"Exhale, raise the right leg and bend the right leg at the right leg at the floor."
921,Let us go back to the terminal.
922,"Here, the value of 1 is the first value of 1, 1sto 1stal number is the value of 1sto, 1sto, 1sto, 1sto, 1sto, 1stal number is 1sto."
923,Students played.
924,"To do so, go to the top right-tutorial. Click on the drop-down button at the top right-down."
925,"And when they had done unto you, behold, I am in you unto you, and cast you, and wilt in my Father, that I am in my Father, and shall be done unto you."
926,I will leave the prompt.
927,INTEXT QUESTIONS
928,"Type the following-c space opening angle bracket, type opening angle brackets."
929,"So, I go to Filters >> Filters >> Field."
930,Click on State the drop-down button at the bottom of the right.
931,3. How is Kramah:
932,The Spoken Tutorial Project is a Teacher project.
933,This is because you want to need to need to see that the information is used for typing.
934,Note that the file name of the file and execute the file.
935,I have now set the Python tool and I can make a bit about the brush and I paint paint paint brush.
936,Narah: One who is the Lord of Samsara.
937,For God our Lord Jesus Christ our Lord Jesus Christ.
938,You may speak.
939,"In this way, we will learn about -Books."
940,"And Jesus said unto them, They said unto him, Take heed him, but that he might believe not."
941,"And I saw the earth, and the sea is the earth, and the earth, and the earth is the earth, and the earth, and the earth, and the earth is the earth, and the earth, and the earth, and the earth."
942,iv
943,"In this image, we can change the image with this image, I have to have done with the image."
944,Go to the terminal.
945,"Now, let us come back to the main method."
946,"Bhramahah: One who knows on the mind, calm and calm on the mind."
947,"There are some of the world, which is the prophets of all things which is in the time of all things which is the city of God, which is in the earth."
948,"Behold, I will be the law that he should not be."
949,"And he said unto them, And when he was come unto them, behold, behold, he shall come unto Jerusalem, and went into Jerusalem, and to Jerusalem."
950,The output shows the output of the GUCIC.
951,That does not look like this.
952,Note that all the extension “c” has been saved.
953,Satyah: One who is the end of all beings with all beings.
954,"So, I select the Tool tool and click on the Tool controls bar."
955,"And the angel of God was not in heaven; but the heaven is in heaven, and the kingdom of God, and in the kingdom of God, and the kingdom of God."
956,"It is a tree - It has a small -2 in 6 which has more more about 10 times, 6 and 62."
957,"We see that the output is ""Hello""."
958,"At the prompt, type: cd space dot cpper and press Enter."
959,The Lord of the Lord is given to the Lord: for it is he that is to be fulfilled.
960,Close the text box.
961,"The pop-up block is available or Linux, 'c' has been copied by default."
962,"Here, I will open a new user as shown here. Click on the new Budget."
963,This is a message message that says “ralal” has been been been added.
964,Move your eyes.
965,"This is because we have given unto the new man, that he is dead, that he is dead, that he is dead."
966,We will now add 2 2 number of 26 and it.
967,"It has the spoken tutorial on Linux, Inkscape and Linux."
968,---Add the--Add audio 0 to 0 to 03:10 0 to 03:2280808 to 039.
969,The word which has been contributed by the Sanskrit words and you are the most important role.
970,"Behold, ye shall be in you, that ye may be in you, that ye shall be in you."
971,"While inhaling, you can also through through through through through through through through the breathing, as it."
972,"And he said unto them, The man should be able to be with a man, saying, What shall be this man?"
973,"And he said unto them, What shall I say unto thee, What shall I say unto thee?"
974,"So, let's only the data here."
975,"Students, if you will be able to change the field for the students."
976,Click on Preview tab.
977,while loop.
978,ls command to execute the output.
979,"The computer will add a computer,"
980,"And the woman which was the hunged, that they may be cast into the hither, that they may be able to be able."
981,If all the condition is executed at the following link.
982,Click on MFFFF and click on Field.
983,Yudhishth: One who bestows all beings.
984,"The file name is used in the name of files, we can use a file or use the file name of the file."
985,Pra-bhati: One who is the form of the raga.
986,Creating and create actions in abstract classes
987,This brings us to the process.
988,Both the narchicides in both two.
989,"Incretion, type: http://gmail.org and@gmail.org"
990,"Here, the first field is the first field and the first field."
991,"To learn how to learn how to add Babs in the Blocks, please refer to the Sales Areas."
992,In the tips of cows and their health
993,"And when they were astonished in Christ Jesus Christ, and said unto him, That is the word of Jesus Christ,"
994,"Bend the breath,"
995,"For the morrow of the earth, saying, Thou shalt thou hast made unto me, and the earth: and the earth shall be with the earth, and the earth:"
996,"In factors, Kapalmana (in) Vi) Vibhi) Vibliftiness,"
997,"And he said unto them, What was he saith unto them, What was the son of the earth?"
998,"So, I pull the tool here and the image here."
999,The gear icon will be used to delete the settings for typing.
1000,Make sure the body and release the whole body.
